Roofing,405
Sugaring,49
Truck Rental,282
Drugstores,1684
Masonry/Concrete,391
Well Drilling,7
Family Practice,793
Trains,6
Buffets,893
Rotisserie Chicken,1
Process Servers,24
Boating,171
Auto Insurance,456
Child Care & Day Care,746
Fire Departments,10
Endodontists,622
Creperies,261
Canadian (New),1909
Court Reporters,1
Habilitative Services,2
Teppanyaki,32
Pretzels,84
Tapas Bars,417
Organic Stores,227
Psychic Mediums,32
Art Museums,30
Salad,2531
Comedy Clubs,166
Architects,54
Entertainment Law,1
Paint-Your-Own Pottery,36
Contract Law,8
Juice Bars & Smoothies,1723
Hostels,60
Officiants,58
Grocery,3609
Mortgage Lenders,163
Pet Sitting,1269
Pet Adoption,147
Interval Training Gyms,227
Country Dance Halls,19
Dog Parks,155
Cannabis Tours,10
Baseball Fields,14
Adult Education,182
Candle Stores,57
Roof Inspectors,26
Pathologists,5
Motorsport Vehicle Repairs,22
Vascular Medicine,21
Community Service/Non-Profit,577
Bowling,234
Commercial Truck Dealers,37
Restaurants,59371
Cabinetry,319
DJs,197
Formal Wear,314
Hiking,201
Home Window Tinting,206
Undersea/Hyperbaric Medicine,2
Fabric Stores,221
Japanese Sweets,1
Bankruptcy Law,183
Outdoor Gear,376
Delis,1955
Anesthesiologists,35
Tanning,927
Halal,620
Cantonese,106
Patent Law,3
Herbs & Spices,115
Noodles,476
Customized Merchandise,154
Telecommunications,311
Shoe Shine,23
Real Estate Law,157
Chicken Wings,2705
Laser Eye Surgery/Lasik,224
Used Car Dealers,355
Municipality,3
Diagnostic Services,496
Gold Buyers,170
Antiques,577
Holistic Animal Care,13
Personal Care Services,35
Food Stands,335
Orthodontists,983
Shopping Centers,571
Land Surveying,5
Dry Cleaning & Laundry,1418
Dog Walkers,317
Mountain Biking,82
Pick Your Own Farms,16
Firearm Training,60
Nail Salons,5043
Photo Booth Rentals,148
Dumpster Rental,24
Bike Rentals,265
Elementary Schools,548
Automotive,13203
Urologists,65
Interior Design,736
Cosmetic Surgeons,418
Misting System Services,10
Public Art,10
Travel Services,469
Knife Sharpening,30
Lounges,1648
Persian/Iranian,185
Shoe Repair,315
Mongolian,50
Health Coach,36
Animal Shelters,144
Portuguese,249
Airports,208
Men's Hair Salons,813
Pool & Billiards,50
Hobby Shops,783
Car Brokers,19
Gyms,2316
Bar Crawl,15
Greek,1086
Zoos,46
Mailbox Centers,321
Hardware Stores,816
Vocal Coach,5
Tubing,6
Fuel Docks,3
Pet Cremation Services,39
Art Galleries,781
Battery Stores,107
Auto Upholstery,69
DUI Law,211
Graphic Design,569
Museums,327
Circuit Training Gyms,40
Watch Repair,236
Self-defense Classes,42
Chinese,4428
Cremation Services,41
Home Decor,2125
Siding,80
Churros,1
DIY Auto Shop,5
Health & Medical,17171
Bikes,556
Health Insurance Offices,32
Otologists,1
Estate Liquidation,45
Yoga,1158
Hotels & Travel,6033
Bike Shop,7
Ophthalmologists,392
Hookah Bars,309
Middle Eastern,1317
Macarons,68
Trusts,85
Language Schools,35
Boxing,217
French,1027
Brazilian,90
Building Supplies,887
Landscape Architects,321
Legal Services,226
Real Estate Photography,54
Animal Physical Therapy,5
Shanghainese,10
Restaurant Supplies,23
Nutritionists,598
Hindu Temples,7
Divorce & Family Law,337
Neurotologists,12
Game Truck Rental,9
Town Car Service,33
Hearing Aids,2
Prosthetics,34
Sex Therapists,8
Handyman,574
Costumes,152
Souvenir Shops,68
Shipping Centers,765
Donairs,66
Vocational & Technical School,110
Diners,1433
Sports Bars,2184
Used Bookstore,30
Russian,61
Auto Parts & Supplies,2023
Seafood Markets,219
Eatertainment,17
Kebab,78
Tennis,108
Sailing,8
Public Relations,42
Vegetarian,1123
Workers Compensation Law,41
Car Window Tinting,212
Chicken Shop,574
Kosher,131
Meat Shops,515
General Dentistry,2768
Flea Markets,49
Brewing Supplies,32
Pole Dancing Classes,16
Climbing,54
Pita,2
Payroll Services,115
Wine Tours,35
Currency Exchange,30
Couriers & Delivery Services,382
German,103
Tobacco Shops,873
Taiwanese,223
Bus Tours,59
Newspapers & Magazines,51
Tonkatsu,1
Laotian,26
Appliances,856
Basque,30
Installment Loans,46
Modern European,216
Home Cleaning,1278
Cafeteria,42
Hazardous Waste Disposal,10
Trivia Hosts,3
Pilates,375
Hypnosis/Hypnotherapy,71
Smog Check Stations,340
Vietnamese,1286
Pool Halls,224
Personal Injury Law,430
Art Tours,8
Poutineries,181
Cosmetics & Beauty Supply,2148
Video Game Stores,126
Air Duct Cleaning,234
Jet Skis,22
Taxidermy,3
Props,3
Pool & Hot Tub Service,624
Home Services,19729
Venezuelan,34
Ethnic Food,1103
Australian,11
Artificial Turf,93
Food Court,202
Poke,172
Bingo Halls,16
Eyewear & Opticians,1162
Gastroenterologist,72
Wine Tasting Room,46
Tiki Bars,16
Marketing,445
Mobile Dent Repair,45
Educational Services,275
Electricians,534
Campgrounds,60
Races & Competitions,36
Office Cleaning,513
Blow Dry/Out Services,667
Framing,157
Test Preparation,93
Tuscan,5
Vehicle Wraps,146
Pizza,6804
Furniture Reupholstery,244
Music Venues,1065
Brewpubs,69
Archery,42
Beer Garden,2
RV Parks,61
Soba,1
Web Design,384
Ultrasound Imaging Centers,12
Christmas Trees,45
Dinner Theater,20
Seafood,2508
Resorts,198
British,156
House Sitters,24
Discount Store,921
Event Photography,546
Natural Gas Suppliers,3
Aerial Tours,22
Clowns,18
Professional Sports Teams,77
Assisted Living Facilities,86
Balloon Services,35
Movers,1104
Home Network Installation,49
Challenge Courses,68
Pedicabs,4
Screen Printing,135
South African,21
Muay Thai,23
Beer Gardens,80
Bail Bondsmen,33
Playsets,3
Holiday Decorations,37
Brazilian Jiu-jitsu,54
Plastic Surgeons,88
Japanese,2716
Estheticians,28
Badminton,10
Disability Law,7
Snorkeling,3
Hot Dogs,757
Gift Shops,763
Tableware,14
Registry Office,2
Festivals,459
Nicaraguan,2
Visitor Centers,7
LAN Centers,18
Whiskey Bars,50
Osteopaths,1
Salvadoran,70
Gas Stations,1617
Clock Repair,24
Wills,85
Amusement Parks,399
Fingerprinting,24
Reptile Shops,9
Podiatrists,183
Bubble Soccer,5
Sandwiches,7332
Spray Tanning,372
Shaved Ice,242
Children's Clothing,550
Dance Studios,367
Accountants,325
Vacation Rental Agents,38
Chiropractors,1354
Shades & Blinds,389
Dim Sum,302
Fitness & Instruction,4646
Local Fish Stores,29
Empanadas,16
Kitchen & Bath,947
Office Equipment,387
Ear Nose & Throat,117
Pediatric Dentists,647
Armenian,9
Cardiologists,123
Bird Shops,16
Shared Office Spaces,109
Italian,4716
Laundry Services,1405
Mobile Home Dealers,8
Magicians,56
Men's Clothing,1832
Bistros,144
Music & DVDs,305
Diagnostic Imaging,227
Waterproofing,59
Bike Sharing,6
Paddleboarding,30
Patisserie/Cake Shop,200
Studio Taping,1
Bartending Schools,15
Southern,536
Auto Loan Providers,224
Cocktail Bars,1246
Laundromat,162
Service Stations,72
Dive Bars,631
Children's Museums,10
Playgrounds,306
Mortgage Brokers,675
Boat Dealers,46
Ziplining,10
Water Heater Installation/Repair,464
Pressure Washers,251
Batting Cages,31
Oncologist,55
Japanese Curry,6
Weight Loss Centers,792
Accessories,2214
Watches,398
Active Life,9520
Preventive Medicine,22
Disc Golf,25
Petting Zoos,4
Scottish,4
Oral Surgeons,906
Psychiatrists,99
Hospitals,440
General Festivals,1
Courthouses,31
Engraving,44
Bubble Tea,486
Mediterranean,1834
Beauty & Spas,19370
Swimming Lessons/Schools,93
Butcher,217
Pet Breeders,27
Storefront Clinics,5
Airport Lounges,40
Laboratory Testing,198
Ranches,5
Guest Houses,36
Donation Center,43
Distilleries,43
Hair Salons,6955
Travel Agents,51
Car Wash,1160
Lawyers,1062
Mass Media,319
Planetarium,5
Coffee & Tea,7321
Optometrists,1279
Cheesesteaks,214
Metro Stations,2
Lakes,41
Cheerleading,8
Estate Planning Law,179
Occupational Therapy,113
Life Coach,281
Szechuan,99
Dry Cleaning,436
Contractors,3151
Midwives,80
Water Parks,14
Hair Loss Centers,75
Basketball Courts,17
Mobile Phone Accessories,422
Amateur Sports Teams,217
Packing Supplies,145
Body Shops,1306
Cuban,77
Carpet Dyeing,4
Minho,1
Dance Schools,207
Flowers & Gifts,2180
Mediators,21
CSA,17
Appliances & Repair,872
Mauritius,2
Burgers,5404
Orthopedists,306
Lingerie,267
Paint & Sip,103
Haunted Houses,35
Transportation,1060
Private Investigation,53
Solar Installation,164
Employment Agencies,224
Motorcycle Rental,33
Business Law,130
Software Development,36
General Litigation,190
Uniforms,101
Tattoo Removal,151
Beach Equipment Rentals,7
Furniture Repair,74
Home Energy Auditors,34
Vitamins & Supplements,305
Rafting/Kayaking,67
Keys & Locksmiths,378
Embassy,12
Behavior Analysts,7
Real Estate,5677
Hospice,79
Diving,55
Professional Services,6276
Scuba Diving,46
Outdoor Movies,2
Wraps,154
Cupcakes,338
Sports Medicine,439
Halotherapy,12
Taekwondo,53
RV Dealers,136
Commissioned Artists,16
Swimwear,129
Trainers,1944
Food Tours,39
Go Karts,41
Indian,1489
Kickboxing,73
Latin American,591
Safe Stores,33
EV Charging Stations,3
Business Financing,28
Kids Activities,334
Barbeque,1814
Massage,2733
Home Automation,148
Nurseries & Gardening,662
Cosmetic Dentists,2058
Luggage Storage,3
Home Theatre Installation,186
Medical Cannabis Referrals,27
Car Share Services,15
Scooter Tours,3
Spin Classes,11
Retirement Homes,164
Insurance,912
Condominiums,46
TV Mounting,95
Tax Services,382
Landmarks & Historical Buildings,211
New Mexican Cuisine,55
Afghan,133
Boot Camps,390
Adult,159
Auto Customization,455
Caterers,2525
Retina Specialists,19
Vacation Rentals,106
Breweries,543
Addiction Medicine,32
DUI Schools,1
Club Crawl,14
First Aid Classes,34
Auto Detailing,1087
Art Schools,157
Sandblasting,8
Skate Parks,39
Bookstores,543
Plumbing,1337
Hong Kong Style Cafe,11
Taxis,272
Bartenders,46
Smokehouse,62
Ethical Grocery,21
Naturopathic/Holistic,492
& Probates,85
Beach Bars,4
Pet Photography,46
Auto Repair,6140
Laser Tag,60
Demolition Services,35
Fire Protection Services,45
Private Schools,14
Home Inspectors,339
Wine Tasting Classes,13
Recreation Centers,335
Reunion,2
Market Stalls,1
Outlet Stores,354
Vape Shops,652
Martial Arts,547
Emergency Medicine,9
Art Space Rentals,6
Public Markets,22
Spiritual Shop,56
Proctologists,4
Television Service Providers,200
Trampoline Parks,70
Internet Cafes,187
Knitting Supplies,142
Aquariums,46
Hot Tub & Pool,443
Waffles,119
Community Gardens,5
Auto Security,43
Foundation Repair,28
Trailer Repair,61
Nail Technicians,278
Car Buyers,64
Traffic Ticketing Law,41
Soccer,76
Astrologers,6
Teacher Supplies,6
Immunodermatologists,7
Piano Bars,29
Religious Schools,34
Furniture Stores,1947
Aquarium Services,45
Boat Parts & Supplies,3
Egyptian,19
Food,29989
Heating & Air Conditioning/HVAC,1539
Trinidadian,6
Surf Schools,4
Iberian,5
Embroidery & Crochet,110
Cardio Classes,124
Photographers,961
Dermatologists,296
Maternity Wear,72
Tree Services,473
Boat Repair,88
Print Media,155
Venues & Event Spaces,2223
Surfing,8
Floral Designers,174
Mosques,4
Jazz & Blues,148
Day Spas,2742
Art Restoration,11
Malaysian,75
Aviation Services,3
Pub Food,5
Ayurveda,12
Tutoring Centers,177
Tex-Mex,737
Reflexology,488
Grilling Equipment,35
Criminal Defense Law,299
Neurologist,114
Baby Gear & Furniture,360
Allergists,104
Party & Event Planning,1378
Comfort Food,860
Tabletop Games,80
Surf Shop,6
Hydro-jetting,52
Lawn Services,63
Audiologist,90
Delicatessen,144
Bespoke Clothing,127
Cheese Shops,201
Waxing,2389
Racing Experience,13
Bus Rental,6
RV Rental,85
Gymnastics,124
Indoor Landscaping,3
Escape Games,185
Printing Services,1130
Tiling,299
Interlock Systems,5
Health Retreats,29
Soul Food,316
Hydroponics,11
IT Services & Computer Repair,1557
Prosthodontists,42
Appraisal Services,71
Acai Bowls,100
Tanning Beds,123
International Grocery,147
Mortuary Services,24
Golf Lessons,62
Trailer Dealers,35
Bookbinding,10
Powder Coating,31
Squash,12
Indoor Playcentre,37
Audio/Visual Equipment Rental,9
Supper Clubs,8
Prenatal/Perinatal Care,30
Clothing Rental,43
Concept Shops,4
Trailer Rental,38
Custom Cakes,277
Motorcycle Gear,85
Sushi Bars,2258
Septic Services,105
Plus Size Fashion,171
Bulgarian,1
Tea Rooms,455
Street Vendors,362
Speakeasies,35
Breakfast & Brunch,5381
Hainan,1
Decks & Railing,79
Machine & Tool Rental,24
Private Jet Charter,9
Videos & Video Game Rental,316
Face Painting,38
Grout Services,119
Slovakian,4
Head Shops,179
Haitian,14
Montessori Schools,51
Packing Services,175
Placenta Encapsulations,13
Medical Law,22
Saunas,40
Hair Extensions,1048
Session Photography,550
Cryotherapy,34
Transmission Repair,601
Excavation Services,20
Conveyor Belt Sushi,6
Nanny Services,29
Barbers,2010
Translation Services,25
Screen Printing/T-Shirt Printing,184
Food Delivery Services,979
Product Design,15
Videographers,168
Environmental Testing,21
Sporting Goods,2165
Hockey Equipment,15
Door Sales/Installation,291
Swiss Food,2
Kombucha,7
Fertility,62
Water Suppliers,2
Drive-In Theater,10
Personal Assistants,54
Public Transportation,213
Security Services,98
Hearing Aid Providers,75
Irrigation,316
Metal Fabricators,117
Synagogues,21
Aestheticians,34
Wholesale Stores,348
Pet Hospice,15
Tax Law,27
Department Stores,1642
Motorcycle Dealers,328
Self Storage,1020
Falafel,137
Austrian,8
Supernatural Readings,163
Education,3314
Recycling Center,144
Wildlife Control,52
Personal Chefs,106
Eyebrow Services,490
Caribbean,634
Dance Clubs,845
American (New),4882
Investing,190
Financial Services,3082
Cosmetology Schools,168
Airport Shuttles,331
Czech/Slovakian,1
Pan Asian,89
Pet Boarding,259
Bicycles,9
Oil Change Stations,2191
Acne Treatment,44
Roadside Assistance,146
Churches,416
Furniture Assembly,65
Cajun/Creole,303
Do-It-Yourself Food,215
Rehabilitation Center,283
Comic Books,197
Pet Transportation,36
Junk Removal & Hauling,297
Massage Schools,35
Indonesian,30
Themed Cafes,10
Shopping,31878
Historical Tours,46
Hawaiian,329
Teeth Whitening,116
Nursing Schools,8
Skin Care,3403
Valet Services,18
Utilities,93
Medical Centers,1781
Sleep Specialists,63
Wigs,135
Doulas,36
College Counseling,14
Real Estate Agents,1196
Thai,1449
Wine & Spirits,2255
Sri Lankan,41
Fish & Chips,319
Horseback Riding,85
Car Auctions,9
Fitness/Exercise Equipment,98
High Fidelity Audio Equipment,32
Izakaya,24
Uzbek,4
Food Banks,11
Flight Instruction,37
Religious Items,14
Farmers Market,437
African,148
Bocce Ball,1
Striptease Dancers,7
Scandinavian,11
Beer Bar,470
Community Centers,54
Fireworks,11
Body Contouring,66
Vehicle Shipping,56
Cinema,490
Asian Fusion,1953
Mattresses,749
Rugs,153
Arts & Crafts,1793
Burmese,12
Wholesalers,91
Snow Removal,74
Flyboarding,2
Mags,1342
Farms,52
Blood & Plasma Donation Centers,43
Tours,672
Concierge Medicine,18
Car Inspectors,18
Threading Services,279
Syrian,10
Livestock Feed & Supply,37
Gun/Rifle Ranges,153
Pool Cleaners,625
Makeup Artists,1234
Commercial Real Estate,224
Oaxacan,1
Turkish,136
Laser Hair Removal,672
Geneticists,1
Summer Camps,280
Business Consulting,125
Pet Groomers,1546
Neuropathologists,4
Preschools,705
Mexican,4618
Solar Panel Cleaning,36
Home Organization,193
Emergency Pet Hospital,81
Internet Service Providers,456
Shaved Snow,17
Guns & Ammo,274
Fast Food,7257
Waldorf Schools,2
Kiosk,2
Nudist,2
Tacos,271
Registration Services,84
Axe Throwing,20
Fencing Clubs,2
Popcorn Shops,60
Religious Organizations,547
Gerontologists,5
Public Adjusters,4
Toxicologists,1
Hungarian,32
Osteopathic Physicians,62
Opera & Ballet,36
Strip Clubs,46
Piano Services,51
Physical Therapy,1040
University Housing,105
Paintball,36
Pet Waste Removal,20
Float Spa,31
Pest Control,613
Hot Pot,124
Post Offices,285
Casinos,470
Dive Shops,8
Champagne Bars,22
Alternative Medicine,30
Singaporean,31
Cannabis Clinics,174
Party Bus Rentals,139
Limos,402
Cards & Stationery,351
Pawn Shops,237
Stadiums & Arenas,188
Safety Equipment,5
Wedding Chapels,78
Stucco Services,54
Vinyl Records,140
CPR Classes,49
Botanical Gardens,40
Reiki,277
Tires,2337
Halfway Houses,1
Property Management,1033
Walking Tours,53
Wine Bars,1145
Skiing,4
Life Insurance,247
Aerial Fitness,23
Sledding,3
Hotels,2625
Tickets,5
Vintage & Consignment,749
Golf Equipment Shops,17
Animal Assisted Therapy,3
Patio Coverings,110
Scavenger Hunts,8
Ski & Snowboard Shops,44
Donuts,774
Bagels,615
Firewood,25
Social Clubs,197
Holiday Decorating Services,15
Painters,583
Buddhist Temples,20
Towing,656
Carpenters,88
Social Security Law,17
Bridal,640
Food Trucks,857
Colonics,39
Walk-in Clinics,148
Dominican,18
Gutter Services,157
Scooter Rentals,8
Sunglasses,41
Bounce House Rentals,22
Boat Charters,51
Massage Therapy,1754
Himalayan/Nepalese,63
Glass Blowing,7
RV Repair,153
Colombian,48
Dietitians,11
Pet Services,2850
Financial Advising,328
Radiologists,110
Ramen,237
Water Stores,56
Tasting Classes,19
Home Health Care,268
Shoe Stores,1460
Shutters,133
Mobile Home Repair,7
Outdoor Furniture Stores,106
Lebanese,239
Qi Gong,8
Tai Chi,35
Cycling Classes,93
Fences & Gates,191
Calabrian,1
Luggage,76
Cannabis Dispensaries,104
Auction Houses,73
Medical Supplies,192
Nephrologists,4
Soup,844
Car Rental,945
Caricatures,10
Hair Stylists,1960
Spine Surgeons,27
Pet Insurance,7
Wedding Planning,800
Counseling & Mental Health,410
Cambodian,42
Pumpkin Patches,13
Coffeeshops,18
Buses,54
Peruvian,111
Barre Classes,165
Ukrainian,25
Awnings,55
Mobile Phones,1246
Colleges & Universities,298
Traffic Schools,13
Country Clubs,84
Rheumatologists,18
Hair Removal,4002
Observatories,9
Motorcycle Repair,315
Orthotics,72
Adoption Services,10
Nightlife,13095
Beer Tours,25
Chimney Sweeps,41
Notaries,562
Fireplace Services,97
Airlines,135
Ceremonial Clothing,1
Tapas/Small Plates,480
Linens,2
Golf Cart Rentals,17
Fondue,50
Signmaking,311
Jewelry,1750
Senior Centers,9
Libraries,295
Arabian,69
Mobility Equipment Sales & Services,28
Pets,4111
Golf Cart Dealers,16
Jails & Prisons,3
Brasseries,132
Argentine,46
Belgian,51
Lighting Stores,23
Debt Relief Services,41
Chinese Martial Arts,15
Hotel bar,2
Propane,95
Phlebologists,3
Skating Rinks,98
Emergency Rooms,51
Day Camps,40
Pasta Shops,77
ATV Rentals/Tours,51
Parking,166
Home Developers,20
Fur Clothing,12
Lactation Services,43
Senegalese,1
Karaoke,362
Elder Care Planning,12
Middle Schools & High Schools,266
Photography Classes,7
Party Supplies,429
Musical Instruments & Teachers,373
Filipino,235
Toy Stores,589
Paint Stores,114
Candy Stores,336
Aircraft Dealers,6
Golf,589
Marinas,11
Perfume,13
Data Recovery,185
Ethnic Grocery,33
American (Traditional),7107
Aircraft Repairs,6
Live/Raw Food,78
Glass & Mirrors,226
Leather Goods,250
Television Stations,40
Motorsport Vehicle Dealers,18
Car Stereo Installation,235
Imported Food,460
Steakhouses,1603
Fashion,7798
Thrift Stores,687
Hakka,45
Recording & Rehearsal Studios,52
Gelato,140
Beverage Store,30
Skydiving,15
Desserts,3332
Environmental Abatement,30
Puerto Rican,26
Beaches,68
Insulation Installation,64
Meditation Centers,101
Polish,80
Airsoft,16
Hats,64
Event Planning & Services,10371
Obstetricians & Gynecologists,461
Sugar Shacks,10
Structural Engineers,8
Backshop,1
Home & Garden,6489
Endocrinologists,57
Town Hall,2
Milkshake Bars,1
Apartment Agents,4
Herbal Shops,15
Pharmacy,423
Fruits & Veggies,412
Beer,2255
Matchmakers,22
Moroccan,75
Carpeting,466
Gay Bars,176
Auto Electric Services,3
Generator Installation/Repair,22
Banks & Credit Unions,1355
Attraction Farms,12
Medical Foot Care,1
Auto Glass Services,887
Career Counseling,99
Beer Hall,1
Editorial Services,25
Dentists,3540
Christmas Markets,1
Horse Equipment Shops,16
Employment Law,67
IV Hydration,50
Furniture Rental,24
Rock Climbing,33
Passport & Visa Services,17
Bike Parking,2
Experiences,1
Electricity Suppliers,2
Ethiopian,84
Carpet Installation,188
Guitar Stores,78
Homeopathic,1
Golf Equipment,89
Honey,9
Farming Equipment,44
Sports Psychologists,4
Computers,593
Ski Resorts,15
Eastern European,1
Nurse Practitioner,28
Women's Clothing,2983
Local Services,13932
Rodeo,1
Wineries,164
Lighting Fixtures & Equipment,391
Drywall Installation & Repair,217
Island Pub,1
Used,749
Performing Arts,1085
Erotic Massage,3
Wheel & Rim Repair,317
Gemstones & Minerals,11
Feng Shui,6
Eyelash Service,1856
Bars,11341
Unofficial Yelp Events,5
Childbirth Education,19
Countertop Installation,153
Kitchen Supplies,6
Crane Services,5
Tenant and Eviction Law,14
Homeowner Association,15
Boat Tours,18
Driving Schools,147
Periodontists,488
Bookkeepers,64
Pop-up Shops,31
Parenting Classes,22
Veterinarians,1285
Health Markets,790
Irish Pub,109
Ice Delivery,12
Mobile Home Parks,17
Lice Services,14
Henna Artists,68
Shredding Services,52
Tattoo,852
Electronics Repair,656
Video/Film Production,214
Gluten-Free,858
Window Washing,334
Virtual Reality Centers,12
Adult Entertainment,380
Carpet Cleaning,939
Sewing & Alterations,1040
Party Characters,28
Water Delivery,45
Sport Equipment Hire,1
Infectious Disease Specialists,6
Race Tracks,48
Acupuncture,745
Damage Restoration,479
Korean,923
Pakistani,479
Local Flavor,1444
Farm Equipment Repair,29
IP & Internet Law,9
Music Production Services,20
Wallpapering,17
Convenience Stores,1867
Home & Rental Insurance,420
Pet Stores,1171
Check Cashing/Pay-day Loans,195
Security Systems,451
Bike Repair,4
Cultural Center,38
Horse Racing,7
Vegan,848
Piano Stores,16
Coffee & Tea Supplies,44
Landscaping,1206
Mini Golf,101
Dialysis Clinics,1
Train Stations,59
Cooking Schools,108
Gastropubs,557
Rest Stops,7
Hunting & Fishing Supplies,41
Machine Shops,12
Trophy Shops,36
Cheese Tasting Classes,3
Dance Wear,25
Cooking Classes,74
Pet Training,599
Hot Air Balloons,20
Jewelry Repair,310
Yelp Events,93
Radio Stations,99
Hydrotherapy,37
Swimming Pools,483
Kids Hair Salons,36
Arts & Entertainment,6304
Doctors,5867
Pain Management,220
Refinishing Services,179
Real Estate Services,1564
Gunsmith,21
Udon,1
3D Printing,13
Boudoir Photography,56
Military Surplus,9
Photography Stores & Services,559
Private Tutors,134
Party Equipment Rentals,272
Urgent Care,459
Music & Video,1342
Beach Volleyball,1
Junkyards,5
Apartments,2576
Civic Center,7
Irish,203
Flowers,7
Sicilian,3
Hepatologists,6
Czech,6
Musicians,61
Chocolatiers & Shops,466
Rolfing,18
Immigration Law,83
Homeless Shelters,3
Bangladeshi,21
Skilled Nursing,55
Hybrid Car Repair,3
Books,1342
Specialty Schools,1588
Pulmonologist,29
Backflow Services,8
Drones,6
Team Building Activities,100
Commercial Truck Repair,76
Hang Gliding,1
Drive-Thru Bars,1
Windshield Installation & Repair,452
Medical Spas,1275
Sports Wear,794
Guamanian,2
Psychologists,56
Flooring,908
Calligraphy,1
Makerspaces,2
Art Supplies,360
Airport Terminals,29
Surgeons,172
Oxygen Bars,17
Parks,977
Skate Shops,53
Game Meat,1
Duplication Services,4
Childproofing,14
International,42
Electronics,1629
Cannabis Collective,9
Psychics,64
Traditional Clothing,4
Special Education,98
Cideries,11
Personal Shopping,194
Sports Clubs,497
Departments of Motor Vehicles,142
Sauna Installation & Repair,1
Dental Hygienists,63
Duty-Free Shops,5
Street Art,1
Ice Cream & Frozen Yogurt,2764
Water Purification Services,200
Memory Care,17
Digitizing Services,5
Gardeners,314
Arcades,383
Ski Schools,4
Bakeries,3711
Home Staging,84
Fishing,43
Olive Oil,20
Musical Instrument Services,196
Kitchen Incubators,3
Bed & Breakfast,203
Party Bike Rentals,10
Veterans Organizations,4
Florists,1098
Carousels,3
Garage Door Services,336
Leisure Centers,68
Coffee Roasteries,183
Spanish,193
Piercing,426
Karate,58
Windows Installation,427
Tui Na,22
Mobile Phone Repair,695
Honduran,6
Title Loans,99
Advertising,237
Bike tours,11
Cafes,3232
Cigar Bars,22
Pubs,2077
Internal Medicine,399
Specialty Food,4883
Pop-Up Restaurants,11
Funeral Services & Cemeteries,195
Pediatricians,374
Car Dealers,2062
Ticket Sales,76
Bike Repair/Maintenance,284
Medical Transportation,41
Talent Agencies,39
Permanent Makeup,500
Horse Boarding,33
Traditional Chinese Medicine,210
Speech Therapists,60
Tempura,1
Police Departments,45
Art Classes,225
Architectural Tours,5
Cabaret,39
Free Diving,5
Public Services & Government,1343
Customs Brokers,1
